timestamp,node,frame_index,payload
2025-07-04 19:31:01.200,N7,0,N7000-AJ46
2025-07-04 19:31:01.206,N7,1,N7001-ZEPO
2025-07-04 19:31:01.212,N7,2,N7002-6KNE
2025-07-04 19:31:01.218,N7,3,N7003-SZCP
2025-07-04 19:31:01.223,N7,4,N7004-RFCX
2025-07-04 19:31:01.229,N7,5,N7005-HC6K
2025-07-04 19:31:01.238,N7,6,N7006-631D
2025-07-04 19:31:01.244,N7,7,N7007-JSH2
2025-07-04 19:31:01.251,N7,8,N7008-VJ2R
2025-07-04 19:31:01.257,N7,9,N7009-PP55
2025-07-04 19:31:01.266,N7,10,N7010-FY3N
2025-07-04 19:31:01.273,N7,11,N7011-BANW
2025-07-04 19:31:01.282,N7,12,N7012-EL1C
2025-07-04 19:31:01.288,N7,13,N7013-6L53
2025-07-04 19:31:01.294,N7,14,N7014-Q60U
2025-07-04 19:31:01.303,N7,15,N7015-04JY
2025-07-04 19:31:01.309,N7,16,N7016-MNVW
2025-07-04 19:31:01.315,N7,17,N7017-QEDA
2025-07-04 19:31:01.321,N7,18,N7018-KJ7C
2025-07-04 19:31:01.330,N7,19,N7019-ADZQ
2025-07-04 19:31:01.336,N7,20,N7020-WJ3U
2025-07-04 19:31:01.344,N7,21,N7021-862A
2025-07-04 19:31:01.352,N7,22,N7022-P5QX
2025-07-04 19:31:01.358,N7,23,N7023-JZ6N
2025-07-04 19:31:01.366,N7,24,N7024-RQ4I
2025-07-04 19:31:01.372,N7,25,N7025-FEC0
2025-07-04 19:31:01.378,N7,26,N7026-3R7V
2025-07-04 19:31:01.384,N7,27,N7027-CA0L
2025-07-04 19:31:01.390,N7,28,N7028-LK5V
2025-07-04 19:31:01.400,N7,29,N7029-ME7V
2025-07-04 19:31:01.408,N7,30,N7030-GVB1
2025-07-04 19:31:01.416,N7,31,N7031-4LKZ
2025-07-04 19:31:01.422,N7,32,N7032-R3OJ
2025-07-04 19:31:01.430,N7,33,N7033-M35E
2025-07-04 19:31:01.436,N7,34,N7034-0GGH
2025-07-04 19:31:01.442,N7,35,N7035-3JVW
2025-07-04 19:31:01.448,N7,36,N7036-8XA2
2025-07-04 19:31:01.456,N7,37,N7037-GMW0
2025-07-04 19:31:01.465,N7,38,N7038-1M8X
2025-07-04 19:31:01.474,N7,39,N7039-GAD4
2025-07-04 19:31:01.480,N7,40,N7040-C4A3
2025-07-04 19:31:01.488,N7,41,N7041-BXKR
2025-07-04 19:31:01.495,N7,42,N7042-47A0
2025-07-04 19:31:01.501,N7,43,N7043-9DR6
2025-07-04 19:31:01.507,N7,44,N7044-WTBB
2025-07-04 19:31:01.513,N7,45,N7045-S8T3
2025-07-04 19:31:01.524,N7,46,N7046-JC7F
2025-07-04 19:31:01.530,N7,47,N7047-8WFN
2025-07-04 19:31:01.537,N7,48,N7048-G9HE
2025-07-04 19:31:01.543,N7,49,N7049-V0PV
2025-07-04 19:31:01.548,N7,50,N7050-BGB2
2025-07-04 19:31:01.554,N7,51,N7051-HDG7
2025-07-04 19:31:01.560,N7,52,N7052-XIA4
2025-07-04 19:31:01.566,N7,53,N7053-CFVN
2025-07-04 19:31:01.574,N7,54,N7054-P9YD
2025-07-04 19:31:01.580,N7,55,N7055-E0MH
2025-07-04 19:31:01.586,N7,56,N7056-K8XM
2025-07-04 19:31:01.592,N7,57,N7057-JYIK
2025-07-04 19:31:01.599,N7,58,N7058-XLJJ
2025-07-04 19:31:01.607,N7,59,N7059-JH0O
2025-07-04 19:31:01.613,N7,60,N7060-SIPD
2025-07-04 19:31:01.623,N7,61,N7061-OIKB
2025-07-04 19:31:01.630,N7,62,N7062-K4I8
2025-07-04 19:31:01.639,N7,63,N7063-1DG9
2025-07-04 19:31:01.645,N7,64,N7064-WUK0
2025-07-04 19:31:01.654,N7,65,N7065-NEKE
2025-07-04 19:31:01.660,N7,66,N7066-P36G
2025-07-04 19:31:01.666,N7,67,N7067-EHG5
2025-07-04 19:31:01.672,N7,68,N7068-ZFVI
2025-07-04 19:31:01.678,N7,69,N7069-NUZ7
2025-07-04 19:31:01.690,N7,70,N7070-ZTS1
2025-07-04 19:31:01.697,N7,71,N7071-QU91
2025-07-04 19:31:01.703,N7,72,N7072-SXCI
2025-07-04 19:31:01.709,N7,73,N7073-0SQL
2025-07-04 19:31:01.714,N7,74,N7074-G24R
2025-07-04 19:31:01.720,N7,75,N7075-8S3Q
2025-07-04 19:31:01.732,N7,76,N7076-EU78
2025-07-04 19:31:01.738,N7,77,N7077-I7KS
2025-07-04 19:31:01.744,N7,78,N7078-JBWO
2025-07-04 19:31:01.750,N7,79,N7079-2HPM
2025-07-04 19:31:01.756,N7,80,N7080-NOJF
2025-07-04 19:31:01.762,N7,81,N7081-T0XB
2025-07-04 19:31:01.768,N7,82,N7082-ZXJO
2025-07-04 19:31:01.779,N7,83,N7083-QHBI
2025-07-04 19:31:01.785,N7,84,N7084-I1RC
2025-07-04 19:31:01.793,N7,85,N7085-BEHT
2025-07-04 19:31:01.799,N7,86,N7086-VIHB
2025-07-04 19:31:01.805,N7,87,N7087-0P5N
2025-07-04 19:31:01.814,N7,88,N7088-Q7VZ
2025-07-04 19:31:01.820,N7,89,N7089-3B6N
2025-07-04 19:31:01.826,N7,90,N7090-KP12
2025-07-04 19:31:01.832,N7,91,N7091-KM39
2025-07-04 19:31:01.840,N7,92,N7092-DQWE
2025-07-04 19:31:01.846,N7,93,N7093-RFVZ
2025-07-04 19:31:01.852,N7,94,N7094-VIJO
2025-07-04 19:31:01.862,N7,95,N7095-1VG0
2025-07-04 19:31:01.868,N7,96,N7096-N6LO
2025-07-04 19:31:01.874,N7,97,N7097-TLJ1
2025-07-04 19:31:01.880,N7,98,N7098-F6UB
2025-07-04 19:31:01.889,N7,99,N7099-PK5B
